SampleID	Diet_Classification	MouseStrain
SRS3574468	LFD	129S
SRS3574466	HFD	NOD
SRS3575037	LFD	AJ
SRS3574469	LFD	C57BL6
SRS3574471	LFD	C57BL6
SRS3574488	LFD	C57BL6
SRS3574644	LFD	AJ
SRS3574647	LFD	AJ
SRS3574573	LFD	129S
SRS3575105	LFD	AJ
SRS3574651	LFD	C57BL6
SRS3574655	HFD	NZOHI
SRS3574650	LFD	NZOHI
SRS3574652	HFD	C57BL6
SRS3575138	LFD	AJ
SRS3575135	LFD	NOD
SRS3574356	HFD	C57BL6
SRS3574357	LFD	129S
SRS3574354	LFD	129S
SRS3574355	HFD	NOD
SRS3574360	LFD	C57BL6
SRS3574361	LFD	NZOHI
SRS3574450	HFD	129S
SRS3574483	LFD	AJ
SRS3574473	HFD	C57BL6
SRS3574475	LFD	129S
SRS3575188	HFD	C57BL6
SRS3575189	LFD	NOD
SRS3575192	LFD	C57BL6
SRS3575191	LFD	NZOHI
SRS3575193	LFD	AJ
SRS3575187	LFD	C57BL6
SRS3575195	HFD	C57BL6
SRS3575198	HFD	C57BL6
SRS3575182	LFD	NZOHI
SRS3575181	LFD	NOD
SRS3574922	LFD	AJ
SRS3574925	HFD	129S
SRS3574924	LFD	C57BL6
SRS3574927	LFD	NZOHI
SRS3574919	LFD	NZOHI
SRS3574921	HFD	NZOHI
SRS3574920	LFD	C57BL6
SRS3574923	HFD	129S
SRS3574917	HFD	AJ
SRS3574915	LFD	129S
SRS3574532	LFD	129S
SRS3574531	LFD	AJ
SRS3574898	LFD	129S
SRS3574533	HFD	NZOHI
SRS3574529	LFD	129S
SRS3574527	LFD	AJ
SRS3574528	HFD	NZOHI
SRS3574530	LFD	129S
SRS3574523	LFD	NZOHI
SRS3574525	LFD	NZOHI
SRS3575237	LFD	AJ
SRS3575240	HFD	NZOHI
SRS3575233	LFD	129S
SRS3575236	LFD	129S
SRS3575235	LFD	AJ
SRS3575234	LFD	C57BL6
SRS3575231	LFD	AJ
SRS3575232	HFD	NZOHI
SRS3575229	HFD	C57BL6
SRS3575230	HFD	C57BL6
SRS3575059	LFD	NOD
SRS3575053	LFD	129S
SRS3575057	LFD	NOD
SRS3575050	LFD	NZOHI
SRS3575054	HFD	AJ
SRS3575056	LFD	C57BL6
SRS3575049	LFD	C57BL6
SRS3575051	HFD	Outbred
SRS3575062	HFD	Outbred
SRS3575064	HFD	Outbred
SRS3574808	HFD	Outbred
SRS3574809	HFD	Outbred
SRS3574806	HFD	Outbred
SRS3574810	HFD	Outbred
SRS3574811	HFD	Outbred
SRS3574812	HFD	Outbred
SRS3574814	HFD	Outbred
SRS3574800	HFD	Outbred
SRS3574801	HFD	Outbred
SRS3574888	HFD	Outbred
SRS3574887	HFD	Outbred
SRS3574889	HFD	Outbred
SRS3574890	HFD	Outbred
SRS3574893	HFD	Outbred
SRS3574891	HFD	Outbred
SRS3574895	HFD	Outbred
SRS3574892	HFD	Outbred
SRS3574886	HFD	Outbred
SRS3574882	HFD	Outbred
SRS3574619	HFD	Outbred
SRS3574618	LFD	Outbred
SRS3574614	LFD	Outbred
SRS3574617	LFD	Outbred
SRS3574621	LFD	Outbred
SRS3574620	LFD	Outbred
SRS3574622	LFD	Outbred
SRS3574623	LFD	Outbred
SRS3574616	LFD	Outbred
SRS3574612	LFD	Outbred
SRS3574953	LFD	Outbred
SRS3574955	HFD	Outbred
SRS3574954	LFD	Outbred
SRS3574957	LFD	Outbred
SRS3574956	LFD	Outbred
SRS3574959	LFD	Outbred
SRS3574960	LFD	Outbred
SRS3574967	LFD	Outbred
SRS3574952	LFD	Outbred
SRS3574951	LFD	Outbred
SRS3574725	LFD	Outbred
SRS3574991	LFD	Outbred
SRS3575227	HFD	Outbred
SRS3575228	LFD	Outbred
SRS3575224	LFD	Outbred
SRS3575226	LFD	Outbred
SRS3575225	LFD	Outbred
SRS3575222	LFD	Outbred
SRS3574748	HFD	Outbred
SRS3574743	HFD	Outbred
SRS3574399	HFD	Outbred
SRS3574400	HFD	Outbred
SRS3574395	HFD	Outbred
SRS3574398	HFD	Outbred
SRS3574396	HFD	Outbred
SRS3574397	HFD	Outbred
SRS3574392	HFD	Outbred
SRS3574394	HFD	Outbred
SRS3574391	HFD	Outbred
SRS3574393	HFD	Outbred
SRS3574690	LFD	Outbred
SRS3574688	LFD	Outbred
SRS3574692	LFD	Outbred
SRS3574691	LFD	Outbred
SRS3574684	HFD	Outbred
SRS3574689	LFD	Outbred
SRS3574687	LFD	Outbred
SRS3574686	LFD	Outbred
SRS3574683	LFD	Outbred
SRS3574681	LFD	Outbred
SRS3575047	LFD	Outbred
SRS3575048	LFD	Outbred
SRS3575045	LFD	Outbred
SRS3575052	LFD	Outbred
SRS3575042	LFD	Outbred
SRS3575044	HFD	Outbred
SRS3575043	LFD	Outbred
SRS3575046	LFD	Outbred
SRS3575041	LFD	Outbred
SRS3575039	LFD	Outbred
SRS3574349	LFD	Outbred
SRS3574348	LFD	Outbred
SRS3574347	LFD	Outbred
SRS3574346	LFD	Outbred
SRS3574353	LFD	Outbred
SRS3574352	LFD	Outbred
SRS3574351	HFD	Outbred
SRS3574350	LFD	Outbred
SRS3574365	HFD	Outbred
SRS3574345	HFD	Outbred
SRS3574549	HFD	Outbred
SRS3574522	HFD	Outbred
SRS3574520	HFD	Outbred
SRS3574388	HFD	Outbred
SRS3574524	HFD	Outbred
SRS3574526	HFD	Outbred
SRS3574389	HFD	Outbred
SRS3574390	HFD	Outbred
SRS3574401	HFD	Outbred
SRS3574402	HFD	Outbred
SRS3575040	HFD	Outbred
SRS3575036	HFD	Outbred
SRS3575038	HFD	Outbred
SRS3574802	HFD	Outbred
SRS3574807	HFD	Outbred
SRS3574805	HFD	Outbred
SRS3574804	HFD	Outbred
SRS3574843	HFD	Outbred
SRS3574427	HFD	Outbred
SRS3574605	HFD	Outbred
SRS3575180	HFD	Outbred
SRS3575179	LFD	Outbred
SRS3574462	LFD	Outbred
SRS3574847	LFD	Outbred
SRS3575183	LFD	Outbred
SRS3575184	LFD	Outbred
SRS3575185	LFD	Outbred
SRS3575186	LFD	Outbred
SRS3574485	HFD	Outbred
SRS3574489	LFD	Outbred
SRS3574484	LFD	Outbred
SRS3574482	LFD	Outbred
SRS3574481	LFD	Outbred
SRS3574479	LFD	Outbred
SRS3574495	LFD	Outbred
SRS3574480	LFD	Outbred
SRS3574478	LFD	Outbred
SRS3574477	LFD	Outbred
SRS3574476	LFD	Outbred
SRS3574474	HFD	Outbred
SRS3575010	LFD	Outbred
SRS3575009	LFD	Outbred
SRS3575007	LFD	Outbred
SRS3575006	LFD	Outbred
SRS3575005	LFD	Outbred
SRS3575004	HFD	Outbred
SRS3575003	HFD	Outbred
SRS3575002	HFD	Outbred
SRS3575001	HFD	Outbred
SRS3575000	HFD	Outbred
SRS3574746	HFD	Outbred
SRS3574750	LFD	Outbred
SRS3575154	HFD	Outbred
SRS3575150	LFD	Outbred
SRS3575104	LFD	Outbred
SRS3574567	HFD	Outbred
SRS3574702	LFD	Outbred
SRS3575272	HFD	Outbred
SRS3575273	LFD	Outbred
SRS3574498	HFD	Outbred
SRS3574501	LFD	Outbred
SRS3574630	HFD	Outbred
SRS3574636	LFD	Outbred
SRS3574906	HFD	Outbred
SRS3575144	LFD	Outbred
SRS3574440	HFD	Outbred
SRS3574439	LFD	Outbred
SRS3574997	HFD	Outbred
SRS3574492	LFD	Outbred
SRS3575275	HFD	Outbred
SRS3575274	LFD	Outbred
SRS3574993	HFD	Outbred
SRS3575026	LFD	Outbred
SRS3589069	LFD	Outbred
SRS3588894	HFD	Outbred
SRS3589076	LFD	Outbred
SRS3589357	HFD	Outbred
SRS3589358	LFD	Outbred
SRS3588785	HFD	Outbred
SRS3588786	LFD	Outbred
SRS3588969	HFD	Outbred
SRS3588967	LFD	Outbred
SRS3588617	HFD	Outbred
SRS3588616	LFD	Outbred
SRS3589333	HFD	Outbred
SRS3588990	LFD	Outbred
SRS3588709	HFD	Outbred
SRS3588703	LFD	Outbred
SRS3589502	HFD	Outbred
SRS3589271	LFD	Outbred
SRS3588846	HFD	Outbred
SRS3588849	LFD	Outbred
SRS3589420	HFD	Outbred
SRS3589421	LFD	Outbred
SRS3589151	HFD	Outbred
SRS3589153	LFD	Outbred
SRS3588915	HFD	Outbred
SRS3588913	LFD	Outbred
SRS3588937	HFD	Outbred
SRS3588934	LFD	Outbred
SRS3589220	HFD	Outbred
SRS3589474	LFD	Outbred
SRS3588759	HFD	Outbred
SRS3588771	LFD	Outbred
SRS3588815	HFD	Outbred
SRS3588818	LFD	Outbred
SRS3589380	HFD	Outbred
SRS3589382	LFD	Outbred
SRS3588648	HFD	Outbred
SRS3588649	LFD	Outbred
SRS3589493	HFD	Outbred
SRS3589450	LFD	Outbred
SRS3588611	HFD	Outbred
SRS3588609	LFD	Outbred
SRS3589066	HFD	Outbred
SRS3589064	LFD	Outbred
SRS3588632	HFD	Outbred
SRS3588636	LFD	Outbred
SRS3589234	HFD	Outbred
SRS3589235	LFD	Outbred
SRS3588663	HFD	Outbred
SRS3588660	LFD	Outbred
SRS3588883	HFD	Outbred
SRS3589112	LFD	Outbred
SRS3589543	HFD	Outbred
SRS3589545	LFD	Outbred
SRS3588953	HFD	Outbred
SRS3588954	LFD	Outbred
SRS3589243	HFD	Outbred
SRS3589247	LFD	Outbred
SRS3588673	HFD	Outbred
SRS3588672	LFD	Outbred
SRS3588831	HFD	Outbred
SRS3588826	LFD	Outbred
SRS3588802	HFD	Outbred
SRS3588799	LFD	Outbred
SRS3589098	HFD	Outbred
SRS3589097	LFD	Outbred
SRS3589210	HFD	Outbred
SRS3589179	LFD	Outbred
SRS3589510	HFD	Outbred
SRS3589511	LFD	Outbred
SRS3589366	HFD	Outbred
SRS3589365	LFD	Outbred
SRS3588929	HFD	Outbred
SRS3588928	LFD	Outbred
SRS3588963	HFD	Outbred
SRS3588962	LFD	Outbred
SRS3588680	HFD	Outbred
SRS3588677	LFD	Outbred
SRS3589435	HFD	Outbred
SRS3589437	LFD	Outbred
SRS3588707	HFD	Outbred
SRS3588710	LFD	Outbred
SRS3589288	HFD	Outbred
SRS3589285	LFD	Outbred
SRS3589524	HFD	Outbred
SRS3588870	LFD	Outbred
SRS3589178	HFD	Outbred
SRS3588989	LFD	Outbred
SRS3588725	HFD	Outbred
SRS3588728	LFD	Outbred
SRS3588817	HFD	Outbred
SRS3588968	LFD	Outbred
SRS3589554	HFD	Outbred
SRS3589301	LFD	Outbred
SRS3589015	HFD	Outbred
SRS3589012	LFD	Outbred
SRS448158	LFD	C57BL6
SRS448159	LFD	C57BL6
SRS448160	LFD	C57BL6
SRS448161	LFD	C57BL6
SRS448162	LFD	C57BL6
SRS448163	HFD	C57BL6
SRS448164	HFD	C57BL6
SRS448165	HFD	C57BL6
SRS448166	HFD	C57BL6
SRS642401	HFD	C57BL6
SRS642450	LFD	C57BL6
SRS642471	LFD	C57BL6
SRS642478	LFD	C57BL6
SRS642492	LFD	C57BL6
SRS643157	HFD	C57BL6
SRS643171	HFD	C57BL6
SRS643178	HFD	C57BL6
SRS643206	HFD	C57BL6
SRS643213	HFD	C57BL6
SRS643220	HFD	C57BL6
SRS643255	LFD	C57BL6
SRS643262	LFD	C57BL6
SRS643269	LFD	C57BL6
SRS643283	LFD	C57BL6
SRS643290	LFD	C57BL6
SRS642619	HFD	C57BL6
SRS642630	HFD	C57BL6
SRS642637	HFD	C57BL6
SRS642684	LFD	C57BL6
SRS642694	LFD	C57BL6
SRS642706	LFD	C57BL6
SRS642719	LFD	C57BL6
SRS642729	LFD	C57BL6
SRS642742	LFD	C57BL6
SRS3574556	LFD	NA
SRS3574968	HFD	NA
SRS3574914	LFD	NA
SRS3574460	HFD	NA
SRS3574970	LFD	NA
SRS3575071	HFD	NA
SRS3574930	HFD	NA
SRS3574631	LFD	NA
SRS3574677	LFD	NA
SRS3575015	HFD	NA
SRS3574671	LFD	NA
SRS3574359	HFD	NA
SRS3574823	LFD	NA
SRS3574358	HFD	NA
SRS3575091	LFD	NA
SRS3574788	LFD	NA
SRS3574537	HFD	NA
SRS3575243	HFD	NA
SRS3574682	LFD	NA
mgm4545424.3	HFD	C57BL6
mgm4545430.3	LFD	C57BL6
mgm4545437.3	HFD	C57BL6
mgm4545439.3	HFD	C57BL6
mgm4545441.3	LFD	C57BL6
mgm4545443.3	HFD	C57BL6
mgm4537490.3	LFD	C57BL6
mgm4537440.3	LFD	C57BL6
mgm4539801.3	HFD	C57BL6
mgm4539802.3	HFD	C57BL6
mgm4539918.3	HFD	C57BL6
mgm4535755.3	LFD	C57BL6
mgm4535927.3	LFD	C57BL6
mgm4535928.3	LFD	C57BL6
mgm4535747.3	HFD	C57BL6
mgm4535748.3	HFD	C57BL6
mgm4535749.3	HFD	C57BL6
SRS927413	LFD	Sprague-Dawley
SRS927414	LFD	Sprague-Dawley
SRS927415	LFD	Sprague-Dawley
SRS927419	HFD	Sprague-Dawley
SRS927423	HFD	Sprague-Dawley
SRS927422	HFD	Sprague-Dawley
ERS1122264	HFD	C57BL6
ERS1122265	HFD	C57BL6
ERS1122266	HFD	C57BL6
ERS1122278	HFD	C57BL6
ERS1122279	HFD	C57BL6
ERS1122280	HFD	C57BL6
ERS1122281	HFD	C57BL6
ERS1122285	HFD	C57BL6
ERS1122286	HFD	C57BL6
ERS1122287	HFD	C57BL6
ERS1122288	HFD	C57BL6
ERS1122289	HFD	C57BL6
ERS1122297	HFD	C57BL6
ERS1122298	HFD	C57BL6
ERS1122299	HFD	C57BL6
ERS1122300	HFD	C57BL6
ERS1122270	LFD	C57BL6
ERS1122271	LFD	C57BL6
ERS1122272	LFD	C57BL6
ERS1122276	LFD	C57BL6
ERS1122277	LFD	C57BL6
ERS1122282	LFD	C57BL6
ERS1122283	LFD	C57BL6
ERS1122284	LFD	C57BL6
ERS1122290	LFD	C57BL6
ERS1122291	LFD	C57BL6
ERS1122292	LFD	C57BL6
ERS1122293	LFD	C57BL6
ERS1122301	LFD	C57BL6
ERS1122302	LFD	C57BL6
ERS1122306	LFD	C57BL6
ERS1122307	LFD	C57BL6
SRS1890943	LFD	ICR
SRS1890944	HFD	ICR
SRS1890949	HFD	ICR
SRS1890951	HFD	ICR
SRS1890953	LFD	ICR
SRS1890957	LFD	ICR
ERS622307	LFD	C57BL6
ERS622308	LFD	C57BL6
ERS622309	LFD	C57BL6
ERS622313	HFD	C57BL6
ERS622314	HFD	C57BL6
ERS622315	HFD	C57BL6
ERS622316	HFD	C57BL6
ERS622317	HFD	C57BL6
ERS622318	HFD	C57BL6
ERS622320	HFD	C57BL6
ERS065389	HFD	C57BL6
ERS1117611	LFD	Sprague-Dawley
ERS1117614	LFD	Sprague-Dawley
ERS1117617	LFD	Sprague-Dawley
ERS1117620	LFD	Sprague-Dawley
ERS1117623	LFD	Sprague-Dawley
ERS1117626	LFD	Sprague-Dawley
ERS1117629	LFD	Sprague-Dawley
ERS1117632	LFD	Sprague-Dawley
ERS1117651	HFD	Sprague-Dawley
ERS1117654	HFD	Sprague-Dawley
ERS1117657	HFD	Sprague-Dawley
ERS1117660	HFD	Sprague-Dawley
ERS1117663	HFD	Sprague-Dawley
ERS1117666	HFD	Sprague-Dawley
ERS1117669	HFD	Sprague-Dawley
mgm4628120.3	HFD	C57BL6
mgm4628121.3	HFD	C57BL6
mgm4628122.3	HFD	C57BL6
mgm4628123.3	HFD	C57BL6
mgm4628124.3	HFD	C57BL6
mgm4628125.3	HFD	C57BL6
mgm4628126.3	HFD	C57BL6
mgm4628127.3	HFD	C57BL6
mgm4628128.3	HFD	C57BL6
mgm4628130.3	HFD	C57BL6
mgm4628131.3	LFD	C57BL6
mgm4628132.3	LFD	C57BL6
mgm4628133.3	LFD	C57BL6
mgm4628134.3	LFD	C57BL6
mgm4628135.3	LFD	C57BL6
mgm4628136.3	LFD	C57BL6
mgm4628137.3	LFD	C57BL6
mgm4628138.3	LFD	C57BL6
mgm4628139.3	LFD	C57BL6
mgm4628141.3	LFD	C57BL6
SRS1743115	LFD	C57BL6
SRS1743116	LFD	C57BL6
SRS1743117	LFD	C57BL6
SRS1743118	LFD	C57BL6
SRS1743119	LFD	C57BL6
SRS1743132	HFD	C57BL6
SRS1743133	HFD	C57BL6
SRS1743134	HFD	C57BL6
SRS1743135	HFD	C57BL6
SRS1743136	HFD	C57BL6
SRS1743137	HFD	C57BL6
ERS794836	LFD	129S
ERS794838	LFD	129S
ERS794840	LFD	129S
ERS794842	LFD	129S
ERS794844	LFD	129S
ERS794846	LFD	129S
ERS794847	LFD	129S
ERS794863	HFD	129S
ERS794865	HFD	129S
ERS794867	HFD	129S
ERS794869	HFD	129S
ERS794871	HFD	129S
ERS794873	HFD	129S
ERS794874	HFD	129S
ERS794894	LFD	129S
ERS794895	LFD	129S
ERS794896	LFD	129S
ERS794897	LFD	129S
ERS794898	LFD	129S
ERS794899	LFD	129S
ERS794900	LFD	129S
ERS794915	HFD	129S
ERS794916	HFD	129S
ERS794917	HFD	129S
ERS794918	HFD	129S
ERS794919	HFD	129S
ERS794920	HFD	129S
ERS794921	HFD	129S
ERS794943	LFD	129S
ERS794945	LFD	129S
ERS794947	LFD	129S
ERS794949	LFD	129S
ERS794951	LFD	129S
ERS794953	LFD	129S
ERS794969	HFD	129S
ERS794971	HFD	129S
ERS794973	HFD	129S
ERS794975	HFD	129S
ERS794977	HFD	129S
ERS794979	HFD	129S
ERS794980	HFD	129S
ERS795000	LFD	129S
ERS795001	LFD	129S
ERS795002	LFD	129S
ERS795003	LFD	129S
ERS795004	LFD	129S
ERS795005	LFD	129S
ERS795006	LFD	129S
ERS795022	HFD	129S
ERS795023	HFD	129S
ERS795024	HFD	129S
ERS795025	HFD	129S
ERS795026	HFD	129S
ERS795027	HFD	129S
ERS795028	HFD	129S
ERS795048	LFD	C57BL6
ERS795049	LFD	C57BL6
ERS795050	LFD	C57BL6
ERS795051	LFD	C57BL6
ERS795052	LFD	C57BL6
ERS795053	LFD	C57BL6
ERS795054	LFD	C57BL6
ERS795068	HFD	C57BL6
ERS795069	HFD	C57BL6
ERS795070	HFD	C57BL6
ERS795071	HFD	C57BL6
ERS795072	HFD	C57BL6
ERS795073	HFD	C57BL6
ERS795093	LFD	C57BL6
ERS795094	LFD	C57BL6
ERS795095	LFD	C57BL6
ERS795096	LFD	C57BL6
ERS795097	LFD	C57BL6
ERS795098	LFD	C57BL6
ERS795099	LFD	C57BL6
ERS795114	HFD	C57BL6
ERS795115	HFD	C57BL6
ERS795116	HFD	C57BL6
ERS795117	HFD	C57BL6
ERS795118	HFD	C57BL6
ERS795119	HFD	C57BL6
ERS795120	HFD	C57BL6
ERS795129	HFD	C57BL6
ERS795130	HFD	C57BL6
ERS795131	HFD	C57BL6
ERS795132	HFD	C57BL6
ERS795133	HFD	C57BL6
ERS795134	HFD	C57BL6
ERS795135	HFD	C57BL6
ERS795136	HFD	C57BL6
ERS795137	HFD	C57BL6
ERS795138	HFD	C57BL6
ERS795139	HFD	C57BL6
ERS795140	HFD	C57BL6
ERS795141	HFD	C57BL6
ERS795142	HFD	C57BL6
ERS795143	HFD	C57BL6
ERS795144	HFD	C57BL6
ERS795145	HFD	C57BL6
ERS795146	HFD	C57BL6
ERS795147	HFD	C57BL6
ERS795148	HFD	C57BL6
ERS795149	HFD	C57BL6
ERS795150	HFD	C57BL6
ERS795151	HFD	C57BL6
ERS795152	HFD	C57BL6
ERS795153	HFD	C57BL6
ERS795154	HFD	C57BL6
ERS795155	HFD	C57BL6
SRS1366780	LFD	C57BL6
SRS1366781	LFD	C57BL6
SRS1366782	LFD	C57BL6
SRS1366783	LFD	C57BL6
SRS1366784	LFD	C57BL6
SRS1366785	LFD	C57BL6
SRS1366786	LFD	C57BL6
SRS1366787	LFD	C57BL6
SRS1366788	LFD	C57BL6
SRS1366789	LFD	C57BL6
SRS1366790	LFD	C57BL6
SRS1366791	LFD	C57BL6
SRS1366792	LFD	C57BL6
SRS1366793	LFD	C57BL6
SRS1366794	LFD	C57BL6
SRS1366795	LFD	C57BL6
SRS1366796	LFD	C57BL6
SRS1366797	LFD	C57BL6
SRS1366798	LFD	C57BL6
SRS1366799	LFD	C57BL6
SRS1366800	LFD	C57BL6
SRS1366801	LFD	C57BL6
SRS1366802	LFD	C57BL6
SRS1366803	LFD	C57BL6
SRS1366804	LFD	C57BL6
SRS1366805	LFD	C57BL6
SRS1366806	LFD	C57BL6
SRS1366807	LFD	C57BL6
SRS1366808	LFD	C57BL6
SRS1366809	LFD	C57BL6
SRS1366810	LFD	C57BL6
SRS1366811	LFD	C57BL6
SRS1366812	LFD	C57BL6
SRS1366813	LFD	C57BL6
SRS1366814	LFD	C57BL6
SRS1366815	LFD	C57BL6
SRS1366816	LFD	C57BL6
SRS1366817	LFD	C57BL6
SRS1366818	LFD	C57BL6
SRS1366819	LFD	C57BL6
SRS1366820	LFD	C57BL6
SRS1366821	LFD	C57BL6
SRS1366822	LFD	C57BL6
SRS1366823	LFD	C57BL6
SRS1366824	LFD	C57BL6
SRS1366825	LFD	C57BL6
SRS1366826	LFD	C57BL6
SRS1366827	LFD	C57BL6
SRS1366828	LFD	C57BL6
SRS1366829	LFD	C57BL6
SRS1366840	LFD	C57BL6
SRS1366841	LFD	C57BL6
SRS1366842	LFD	C57BL6
SRS1366843	LFD	C57BL6
SRS1366844	LFD	C57BL6
SRS1366845	LFD	C57BL6
SRS1366846	LFD	C57BL6
SRS1366847	LFD	C57BL6
SRS1366848	HFD	C57BL6
SRS1366849	HFD	C57BL6
SRS1366850	HFD	C57BL6
SRS1366851	HFD	C57BL6
SRS1366852	HFD	C57BL6
SRS1366853	HFD	C57BL6
SRS1366854	HFD	C57BL6
SRS1366860	HFD	C57BL6
SRS1366861	HFD	C57BL6
SRS1366862	HFD	C57BL6
SRS1366863	HFD	C57BL6
SRS1366864	HFD	C57BL6
SRS1366865	LFD	C57BL6
SRS1366872	LFD	C57BL6
SRS066861	LFD	NA
SRS066703	LFD	NA
ERS606288	LFD	129S
ERS606289	HFD	129S
ERS606290	LFD	129S
ERS606291	HFD	129S
ERS606292	LFD	129S
ERS606293	HFD	129S
ERS606294	LFD	129S
ERS606295	HFD	129S
ERS606296	LFD	129S
ERS606297	HFD	129S
ERS606298	LFD	129S
ERS606299	HFD	129S
ERS606300	LFD	129S
ERS606301	HFD	129S
ERS606302	LFD	129S
ERS606303	HFD	129S
ERS606304	LFD	129S
ERS606305	HFD	129S
ERS606306	LFD	129S
ERS606307	HFD	129S
ERS606308	LFD	C57BL6
ERS606309	HFD	C57BL6
ERS606310	LFD	C57BL6
ERS606311	HFD	C57BL6
ERS606312	LFD	C57BL6
ERS606313	HFD	C57BL6
ERS606314	LFD	C57BL6
ERS606315	HFD	C57BL6
ERS606316	LFD	C57BL6
ERS606317	LFD	C57BL6
ERS606318	HFD	C57BL6
ERS606319	LFD	C57BL6
ERS606320	HFD	C57BL6
ERS606321	HFD	C57BL6
ERS606322	HFD	C57BL6
ERS606323	HFD	C57BL6
ERS606324	HFD	C57BL6
ERS606325	HFD	C57BL6
ERS606326	HFD	C57BL6
ERS606327	HFD	C57BL6
ERS606328	HFD	C57BL6
ERS606329	HFD	C57BL6
ERS606330	HFD	C57BL6
ERS606331	LFD	C57BL6
ERS606332	LFD	C57BL6
ERS606333	LFD	C57BL6
ERS606334	LFD	C57BL6
ERS606335	LFD	C57BL6
ERS606336	LFD	C57BL6
ERS606337	LFD	C57BL6
ERS606338	LFD	C57BL6
ERS606339	LFD	C57BL6
ERS606340	LFD	C57BL6
ERS606341	LFD	C57BL6
ERS606342	LFD	C57BL6
ERS606343	LFD	C57BL6
ERS606344	LFD	C57BL6
ERS606345	LFD	C57BL6
ERS606346	LFD	C57BL6
ERS606347	LFD	Balbc
ERS606348	LFD	Balbc
ERS606349	LFD	Balbc
ERS606350	LFD	Balbc
ERS606351	LFD	Balbc
ERS606352	LFD	Balbc
ERS606353	LFD	Balbc
ERS606354	LFD	Balbc
ERS606355	LFD	SJL
ERS606356	LFD	SJL
ERS606357	LFD	SJL
ERS606358	LFD	SJL
ERS606359	LFD	SJL
ERS606360	LFD	SJL
ERS606361	LFD	SJL
ERS606362	LFD	SJL
ERS606363	LFD	129S
ERS606364	LFD	129S
ERS606365	LFD	129S
ERS606366	LFD	129S
ERS606367	LFD	129S
ERS606368	LFD	129S
ERS606369	LFD	129S
ERS606370	LFD	129S
ERS606371	LFD	SJL-C57BL6
ERS606372	LFD	SJL-C57BL6
ERS606373	LFD	SJL-C57BL6
ERS606374	LFD	SJL-C57BL6
ERS606375	LFD	SJL-C57BL6
ERS606376	LFD	SJL-C57BL6
ERS606377	LFD	SJL-C57BL6
ERS606378	LFD	SJL-C57BL6
ERS606379	LFD	NOD
ERS606380	LFD	NOD
ERS606381	LFD	NOD
ERS606382	LFD	NOD
ERS606383	LFD	NOD
ERS606384	LFD	NOD
ERS606385	LFD	NOD
ERS606386	LFD	NOD
ERS606387	LFD	129S
ERS606388	LFD	129S
ERS606391	LFD	129S
ERS606394	LFD	C57BL6
ERS606395	LFD	C57BL6
ERS606396	LFD	C57BL6
ERS606397	LFD	C57BL6
ERS606404	LFD	C57BL6
ERS606405	HFD	C57BL6
ERS606409	LFD	C57BL6
ERS606410	LFD	C57BL6
ERS606421	LFD	C57BL6
ERS606422	LFD	C57BL6
ERS606423	LFD	C57BL6
ERS606424	LFD	C57BL6
ERS606425	LFD	C57BL6
ERS606426	LFD	C57BL6
ERS606427	LFD	C57BL6
ERS606428	LFD	C57BL6
ERS606429	HFD	C57BL6
ERS606430	HFD	C57BL6
ERS606431	HFD	C57BL6
ERS606432	HFD	C57BL6
ERS606433	HFD	C57BL6
ERS606434	HFD	C57BL6
ERS606435	HFD	C57BL6
ERS606436	HFD	C57BL6
ERS606453	LFD	C57BL6
ERS606454	LFD	SW
ERS606455	LFD	SW
ERS606456	LFD	SW
ERS606457	LFD	SW
ERS606458	LFD	SW
ERS606459	LFD	SW
ERS606460	LFD	SW
ERS606461	LFD	SW
ERS606462	LFD	SW
ERS606463	LFD	C57BL6
ERS606464	LFD	C57BL6
ERS606465	LFD	C57BL6
ERS606466	LFD	C57BL6
ERS606467	LFD	C57BL6
ERS606468	LFD	C57BL6
ERS606469	LFD	C57BL6
ERS606470	LFD	C57BL6
ERS606471	LFD	C57BL6
ERS811228	LFD	129S
ERS811237	LFD	129S
ERS811238	HFD	129S
ERS811240	LFD	129S
ERS811241	HFD	129S
ERS811243	HFD	129S
ERS811244	HFD	129S
ERS811246	LFD	129S
ERS811229	HFD	129S
ERS811247	HFD	129S
ERS811249	LFD	129S
ERS811250	HFD	129S
ERS811252	LFD	129S
ERS811253	HFD	129S
ERS811255	LFD	129S
ERS811256	HFD	129S
ERS811258	LFD	C57BL6
ERS811259	HFD	C57BL6
ERS811261	LFD	C57BL6
ERS811262	HFD	C57BL6
ERS811264	LFD	C57BL6
ERS811265	HFD	C57BL6
ERS811231	LFD	129S
ERS811267	LFD	C57BL6
ERS811268	HFD	C57BL6
ERS811270	LFD	C57BL6
ERS811272	LFD	C57BL6
ERS811273	HFD	C57BL6
ERS811275	LFD	C57BL6
ERS811232	HFD	129S
ERS811276	HFD	C57BL6
ERS811278	HFD	C57BL6
ERS811280	HFD	C57BL6
ERS811234	LFD	129S
ERS811235	HFD	129S
SRS899070	LFD	C57BL6
SRS899081	LFD	C57BL6
SRS899080	LFD	C57BL6
SRS899079	LFD	C57BL6
SRS899078	LFD	C57BL6
SRS899077	LFD	C57BL6
SRS899076	HFD	C57BL6
SRS899075	HFD	C57BL6
SRS899074	HFD	C57BL6
SRS899073	HFD	C57BL6
SRS899072	HFD	C57BL6
SRS899071	HFD	C57BL6
SRS1470488	HFD	C57BL6
SRS1470489	HFD	C57BL6
SRS1470490	HFD	C57BL6
SRS1470491	HFD	C57BL6
SRS1470492	HFD	C57BL6
SRS1470493	HFD	C57BL6
SRS1470494	HFD	C57BL6
SRS1470495	HFD	C57BL6
SRS1470497	HFD	C57BL6
SRS1470505	HFD	C57BL6
SRS1470508	HFD	C57BL6
SRS1470509	HFD	C57BL6
SRS1470511	HFD	C57BL6
SRS1470512	HFD	C57BL6
SRS1470513	HFD	C57BL6
SRS1470514	HFD	C57BL6
SRS1470535	HFD	C57BL6
SRS1470536	HFD	C57BL6
SRS1470537	HFD	C57BL6
SRS1470538	HFD	C57BL6
SRS1470539	HFD	C57BL6
SRS1470540	HFD	C57BL6
SRS1470541	HFD	C57BL6
SRS1470542	HFD	C57BL6
SRS1470515	LFD	C57BL6
SRS1470516	LFD	C57BL6
SRS1470517	LFD	C57BL6
SRS1470518	LFD	C57BL6
SRS1470520	LFD	C57BL6
SRS1470521	LFD	C57BL6
SRS1470523	LFD	C57BL6
SRS1470526	LFD	C57BL6
SRS1470529	LFD	C57BL6
SRS1470530	LFD	C57BL6
SRS1470531	LFD	C57BL6
SRS1470532	LFD	C57BL6
SRS1470533	LFD	C57BL6
SRS1470534	LFD	C57BL6
SRS1470543	LFD	C57BL6
SRS1470634	LFD	C57BL6
SRS1470639	LFD	C57BL6
SRS1470641	LFD	C57BL6
SRS1470645	LFD	C57BL6
SRS1470646	LFD	C57BL6
SRS1470647	LFD	C57BL6
SRR969569	LFD	C57BL6
SRR969571	LFD	C57BL6
SRR969577	LFD	C57BL6
SRR969593	HFD	C57BL6
